Workbook

Sheet Summary
A1: The Last Corridor - Implementation Status vs Final Documentation (FR_01-FR_71)
A2: Based on a code review of Assets/Scripts on 20 Oct 2026 (not playtested). Done = 1, Partial = 0.5, Missing = 0. Change Status on the Requirements sheet and everything updates.
A4: Overall implemented | B4: =SUM(Requirements!F2:F72)/COUNTA(Requirements!B2:B72) -> 0.79577465
A5: Points | B5: =SUM(Requirements!F2:F72)&" / "&COUNTA(Requirements!B2:B72) -> 56.5 / 71
A6: Shall-only implemented | B6: =SUMIFS(Requirements!F2:F72,Requirements!D2:D72,"Shall")/COUNTIFS(Requirements!D2:D72,"Shall") -> 0.81818182
A8: Feature group | B8: FR range | C8: Total | D8: Done | E8: Partial | F8: Missing | G8: Score | H8: % Implemented
A9: Player Control | B9: FR_01 - FR_06 | C9: =COUNTIFS(Requirements!$A$2:$A$72,A9) -> 6 | D9: =COUNTIFS(Requirements!$A$2:$A$72,$A9,Requirements!$E$2:$E$72,"Done") -> 6 | E9: =COUNTIFS(Requirements!$A$2:$A$72,$A9,Requirements!$E$2:$E$72,"Partial") -> 0 | F9: =COUNTIFS(Requirements!$A$2:$A$72,$A9,Requirements!$E$2:$E$72,"Missing") -> 0 | G9: =SUMIFS(Requirements!$F$2:$F$72,Requirements!$A$2:$A$72,A9) -> 6 | H9: =IF(C9=0,0,G9/C9) -> 1
A10: Environment & Horror | B10: FR_07 - FR_13 | C10: =COUNTIFS(Requirements!$A$2:$A$72,A10) -> 7 | D10: =COUNTIFS(Requirements!$A$2:$A$72,$A10,Requirements!$E$2:$E$72,"Done") -> 3 | E10: =COUNTIFS(Requirements!$A$2:$A$72,$A10,Requirements!$E$2:$E$72,"Partial") -> 3 | F10: =COUNTIFS(Requirements!$A$2:$A$72,$A10,Requirements!$E$2:$E$72,"Missing") -> 1 | G10: =SUMIFS(Requirements!$F$2:$F$72,Requirements!$A$2:$A$72,A10) -> 4.5 | H10: =IF(C10=0,0,G10/C10) -> 0.64285714
A11: Enemy AI | B11: FR_14 - FR_21 | C11: =COUNTIFS(Requirements!$A$2:$A$72,A11) -> 8 | D11: =COUNTIFS(Requirements!$A$2:$A$72,$A11,Requirements!$E$2:$E$72,"Done") -> 8 | E11: =COUNTIFS(Requirements!$A$2:$A$72,$A11,Requirements!$E$2:$E$72,"Partial") -> 0 | F11: =COUNTIFS(Requirements!$A$2:$A$72,$A11,Requirements!$E$2:$E$72,"Missing") -> 0 | G11: =SUMIFS(Requirements!$F$2:$F$72,Requirements!$A$2:$A$72,A11) -> 8 | H11: =IF(C11=0,0,G11/C11) -> 1
A12: ML Module | B12: FR_22 - FR_26 | C12: =COUNTIFS(Requirements!$A$2:$A$72,A12) -> 5 | D12: =COUNTIFS(Requirements!$A$2:$A$72,$A12,Requirements!$E$2:$E$72,"Done") -> 5 | E12: =COUNTIFS(Requirements!$A$2:$A$72,$A12,Requirements!$E$2:$E$72,"Partial") -> 0 | F12: =COUNTIFS(Requirements!$A$2:$A$72,$A12,Requirements!$E$2:$E$72,"Missing") -> 0 | G12: =SUMIFS(Requirements!$F$2:$F$72,Requirements!$A$2:$A$72,A12) -> 5 | H12: =IF(C12=0,0,G12/C12) -> 1
A13: Puzzles | B13: FR_27 - FR_32 | C13: =COUNTIFS(Requirements!$A$2:$A$72,A13) -> 6 | D13: =COUNTIFS(Requirements!$A$2:$A$72,$A13,Requirements!$E$2:$E$72,"Done") -> 6 | E13: =COUNTIFS(Requirements!$A$2:$A$72,$A13,Requirements!$E$2:$E$72,"Partial") -> 0 | F13: =COUNTIFS(Requirements!$A$2:$A$72,$A13,Requirements!$E$2:$E$72,"Missing") -> 0 | G13: =SUMIFS(Requirements!$F$2:$F$72,Requirements!$A$2:$A$72,A13) -> 6 | H13: =IF(C13=0,0,G13/C13) -> 1
A14: Inventory | B14: FR_33 - FR_37 | C14: =COUNTIFS(Requirements!$A$2:$A$72,A14) -> 5 | D14: =COUNTIFS(Requirements!$A$2:$A$72,$A14,Requirements!$E$2:$E$72,"Done") -> 2 | E14: =COUNTIFS(Requirements!$A$2:$A$72,$A14,Requirements!$E$2:$E$72,"Partial") -> 2 | F14: =COUNTIFS(Requirements!$A$2:$A$72,$A14,Requirements!$E$2:$E$72,"Missing") -> 1 | G14: =SUMIFS(Requirements!$F$2:$F$72,Requirements!$A$2:$A$72,A14) -> 3 | H14: =IF(C14=0,0,G14/C14) -> 0.6
A15: Save & Load | B15: FR_38 - FR_42 | C15: =COUNTIFS(Requirements!$A$2:$A$72,A15) -> 5 | D15: =COUNTIFS(Requirements!$A$2:$A$72,$A15,Requirements!$E$2:$E$72,"Done") -> 1 | E15: =COUNTIFS(Requirements!$A$2:$A$72,$A15,Requirements!$E$2:$E$72,"Partial") -> 3 | F15: =COUNTIFS(Requirements!$A$2:$A$72,$A15,Requirements!$E$2:$E$72,"Missing") -> 1 | G15: =SUMIFS(Requirements!$F$2:$F$72,Requirements!$A$2:$A$72,A15) -> 2.5 | H15: =IF(C15=0,0,G15/C15) -> 0.5
A16: Audio & Lighting | B16: FR_43 - FR_47 | C16: =COUNTIFS(Requirements!$A$2:$A$72,A16) -> 5 | D16: =COUNTIFS(Requirements!$A$2:$A$72,$A16,Requirements!$E$2:$E$72,"Done") -> 4 | E16: =COUNTIFS(Requirements!$A$2:$A$72,$A16,Requirements!$E$2:$E$72,"Partial") -> 0 | F16: =COUNTIFS(Requirements!$A$2:$A$72,$A16,Requirements!$E$2:$E$72,"Missing") -> 1 | G16: =SUMIFS(Requirements!$F$2:$F$72,Requirements!$A$2:$A$72,A16) -> 4 | H16: =IF(C16=0,0,G16/C16) -> 0.8
A17: Progression & Endings | B17: FR_48 - FR_56 | C17: =COUNTIFS(Requirements!$A$2:$A$72,A17) -> 9 | D17: =COUNTIFS(Requirements!$A$2:$A$72,$A17,Requirements!$E$2:$E$72,"Done") -> 2 | E17: =COUNTIFS(Requirements!$A$2:$A$72,$A17,Requirements!$E$2:$E$72,"Partial") -> 2 | F17: =COUNTIFS(Requirements!$A$2:$A$72,$A17,Requirements!$E$2:$E$72,"Missing") -> 5 | G17: =SUMIFS(Requirements!$F$2:$F$72,Requirements!$A$2:$A$72,A17) -> 3 | H17: =IF(C17=0,0,G17/C17) -> 0.33333333
A18: Dynamic Difficulty | B18: FR_57 - FR_61 | C18: =COUNTIFS(Requirements!$A$2:$A$72,A18) -> 5 | D18: =COUNTIFS(Requirements!$A$2:$A$72,$A18,Requirements!$E$2:$E$72,"Done") -> 5 | E18: =COUNTIFS(Requirements!$A$2:$A$72,$A18,Requirements!$E$2:$E$72,"Partial") -> 0 | F18: =COUNTIFS(Requirements!$A$2:$A$72,$A18,Requirements!$E$2:$E$72,"Missing") -> 0 | G18: =SUMIFS(Requirements!$F$2:$F$72,Requirements!$A$2:$A$72,A18) -> 5 | H18: =IF(C18=0,0,G18/C18) -> 1
A19: Storytelling | B19: FR_62 - FR_64 | C19: =COUNTIFS(Requirements!$A$2:$A$72,A19) -> 3 | D19: =COUNTIFS(Requirements!$A$2:$A$72,$A19,Requirements!$E$2:$E$72,"Done") -> 2 | E19: =COUNTIFS(Requirements!$A$2:$A$72,$A19,Requirements!$E$2:$E$72,"Partial") -> 1 | F19: =COUNTIFS(Requirements!$A$2:$A$72,$A19,Requirements!$E$2:$E$72,"Missing") -> 0 | G19: =SUMIFS(Requirements!$F$2:$F$72,Requirements!$A$2:$A$72,A19) -> 2.5 | H19: =IF(C19=0,0,G19/C19) -> 0.83333333
A20: Hazards | B20: FR_65 - FR_71 | C20: =COUNTIFS(Requirements!$A$2:$A$72,A20) -> 7 | D20: =COUNTIFS(Requirements!$A$2:$A$72,$A20,Requirements!$E$2:$E$72,"Done") -> 7 | E20: =COUNTIFS(Requirements!$A$2:$A$72,$A20,Requirements!$E$2:$E$72,"Partial") -> 0 | F20: =COUNTIFS(Requirements!$A$2:$A$72,$A20,Requirements!$E$2:$E$72,"Missing") -> 0 | G20: =SUMIFS(Requirements!$F$2:$F$72,Requirements!$A$2:$A$72,A20) -> 7 | H20: =IF(C20=0,0,G20/C20) -> 1
A21: TOTAL | C21: =SUM(C9:C20) -> 71 | D21: =SUM(D9:D20) -> 51 | E21: =SUM(E9:E20) -> 11 | F21: =SUM(F9:F20) -> 9 | G21: =SUM(G9:G20) -> 56.5 | H21: =G21/C21 -> 0.79577465
A23: Biggest gaps to close next
A24: 1. Achievements system (FR_52, FR_53)
A25: 2. Decision-based second ending + ending summary screen (FR_54-56)
A26: 3. Objectives HUD (FR_49)
A27: 4. Pause menu with manual save (FR_38, FR_42)
A28: 5. Settings sliders: volume / brightness (FR_47)
A29: 6. Inventory UI with item list and note reading (FR_34, 35, 37)

Sheet Requirements
A1: Group | B1: ID | C1: Requirement | D1: Priority | E1: Status | F1: Score | G1: Evidence (script / note)
A2: Player Control | B2: FR_01 | C2: Walk/move with keyboard | D2: Shall | E2: Done | F2: =IF(E2="Done",1,IF(E2="Partial",0.5,0)) -> 1 | G2: PlayerController.cs
A3: Player Control | B3: FR_02 | C3: Sprint uses stamina | D3: Shall | E3: Done | F3: =IF(E3="Done",1,IF(E3="Partial",0.5,0)) -> 1 | G3: PlayerController.cs + PlayerStats.UseStamina
A4: Player Control | B4: FR_03 | C4: Crouch to be harder to notice | D4: Shall | E4: Done | F4: =IF(E4="Done",1,IF(E4="Partial",0.5,0)) -> 1 | G4: PlayerController.cs (IsCrouching)
A5: Player Control | B5: FR_04 | C5: Health & stamina updated in real time | D5: Shall | E5: Done | F5: =IF(E5="Done",1,IF(E5="Partial",0.5,0)) -> 1 | G5: PlayerStats.cs
A6: Player Control | B6: FR_05 | C6: Interact with doors, switches, objects | D6: Shall | E6: Done | F6: =IF(E6="Done",1,IF(E6="Partial",0.5,0)) -> 1 | G6: InteractionRaycast.cs, IInteractable, DoorController.cs
A7: Player Control | B7: FR_06 | C7: Jump over low obstacles | D7: Should | E7: Done | F7: =IF(E7="Done",1,IF(E7="Partial",0.5,0)) -> 1 | G7: PlayerController.cs (jumpHeight)
A8: Environment & Horror | B8: FR_07 | C8: Explorable horror corridors | D8: Shall | E8: Done | F8: =IF(E8="Done",1,IF(E8="Partial",0.5,0)) -> 1 | G8: neww.unity scene, Abandoned_Asylum assets
A9: Environment & Horror | B9: FR_08 | C9: Vary corridors/rooms/lighting between sessions | D9: Shall | E9: Partial | F9: =IF(E9="Done",1,IF(E9="Partial",0.5,0)) -> 0.5 | G9: CorridorGenerator.cs exists (random prefabs) but main level is a fixed scene
A10: Environment & Horror | B10: FR_09 | C10: Unlock new areas by progress | D10: Shall | E10: Done | F10: =IF(E10="Done",1,IF(E10="Partial",0.5,0)) -> 1 | G10: Keys, KeypadController, DoorController, ProgressionManager
A11: Environment & Horror | B11: FR_10 | C11: Interactive objects | D11: Shall | E11: Done | F11: =IF(E11="Done",1,IF(E11="Partial",0.5,0)) -> 1 | G11: Drawers, jars, TV, phone, throwables
A12: Environment & Horror | B12: FR_11 | C12: Non-scripted horror events | D12: Shall | E12: Partial | F12: =IF(E12="Done",1,IF(E12="Partial",0.5,0)) -> 0.5 | G12: Flicker, ScreamAndVanish, illusions, ambush exist but mostly trigger-based
A13: Environment & Horror | B13: FR_12 | C13: Horror event frequency rises under tension | D13: Shall | E13: Missing | F13: =IF(E13="Done",1,IF(E13="Partial",0.5,0)) -> 0 | G13: No tension-driven event scheduler found
... A72: Hazards | B72: FR_71 | C72: Hazard cleared state saved | D72: Shall | E72: Done | F72: =IF(E72="Done",1,IF(E72="Partial",0.5,0)) -> 1 | G72: SetFlag / HasFlag
